Workbook

Sheet BS 8490 Calculations
C2: Rainfall Calculations | D2: (BS EN 12056-3:2000)
C4: Rainfall Intensity (l/s/m^2) | D4: 0.02 | F4: The rainfall calculations convert the characteristic rianfall intensity supplied in the brief to a final design value
C5: Reduced Climate Change Allowance | D5: 0.15 | F5: This is inflated by the upper 15% of the total 45% government climate change allowance from section 6.1.5
C6: Factor of safety | D6: 0.1 | F6: 10% safety factor as mandated by BS 8490
C7: Design Intensity (l/s/m^2) | D7: =D4*(1+D5)*(1+D6) -> 0.0253
C10: Roof area and volume calculations | E10: (BS EN 12056)
C12: Roof Section: | D12: 1 | L12: Roof Section: | M12: 2 | R12: Roof Section: | S12: 3 | T12: (Combined atrium and greenroof) | X12: Roof Section: | Y12: 4
C13: Drainage method: | D13: 2 stage siphon | L13: Drainage method: | M13: 2 stage siphon | R13: Drainage method: | S13: Single stage siphon | X13: Drainage method: | Y13: Single stage siphon
C15: Roof area (m^2) | D15: 1062.7 | L15: Roof area (m^2) | M15: 1074.1 | R15: Roof area (m^2) | S15: 470 | X15: Roof area (m^2) | Y15: 385.8
C16: Total flow (m^3/s) | D16: =D15*D7/1000 -> 0.02688631 | E16: 126.5% calculated in section 6.1.5 | L16: Total flow (m^3/s) | M16: =M15*D7/1000 -> 0.02717473 | R16: Total flow (m^3/s) | S16: =S15*D7/1000 -> 0.011891 | X16: Total flow (m^3/s) | Y16: =Y15*D7/1000 -> 0.00976074
C19: Gravitational overflow calculations | F19: (BS EN 12056)
C21: Overflow volume (m^3/s) | D21: =(D16*159.5/126.5)-D16 -> 0.00701382 | E21: 33% (6.1.5) to ensure safe operation in high volume events | L21: Overflow volume (m^3/s) | M21: =(M16*159.5/126.5)-M16 -> 0.00708906 | R21: Overflow volume (m^3/s) | S21: =(S16*159.5/126.5)-S16 -> 0.003102 | X21: Overflow volume (m^3/s) | Y21: =(Y16*159.5/126.5)-Y16 -> 0.00254628
C22: Appropriate overflow pipe D (m) | D22: 0.095 | E22: Calculated using table 8 (6.1.1 - BS EN 12056) with filling degree 0.33 | L22: Appropriate overflow pipe D | M22: 0.095 | R22: Appropriate overflow pipe D | S22: 0.065 | X22: Appropriate overflow pipe D | Y22: 0.06
C25: Pipe calculations | D25: (BS 8490)
B27: BS 8490 | C27: Outlets | D27: 3 | L27: Outlets | M27: 3 | R27: Outlets | S27: 2 | X27: Outlets | Y27: 2
B28: step:
B29: a) | C29: Area/outlet (m) | D29: =D15/D27 -> 354.23333 | L29: Area/outlet (m) | M29: =M15/M27 -> 358.03333 | R29: Area/outlet (m) | S29: =S15/S27 -> 235 | X29: Area/outlet (m) | Y29: =Y15/Y27 -> 192.9
C30: Inflow/outlet (m^3/s) | D30: =D16/D27 -> 0.0089621033 | L30: Inflow/outlet (m^3/s) | M30: =M16/M27 -> 0.0090582433 | R30: Inflow/outlet (m^3/s) | S30: =S16/2 -> 0.0059455 | X30: Inflow/outlet (m^3/s) | Y30: =Y16/Y27 -> 0.00488037
C31: Gutter height (m) | D31: 20 | F31: Level of inner eave (bottom of roof slope) | L31: Gutter height (m) | M31: 16 | R31: Gutter height (m) | S31: 12 | X31: Gutter height (m) | Y31: 8
C32: Discharge height (m) | L32: Discharge height (m) | R32: Discharge height (m) | X32: Discharge height (m)
C34: Transfer Gulley -> Downpipe Outlet | F34: BS 8490 specifies working upwards from the lowest point (downpipe outlet) | L34: Transfer Gulley -> Downpipe Outlet | R34: Collector Pipe -> Downpipe Outlet | X34: Collector Pipe -> Downpipe Outlet
B35: BS 8490 | K35: BS 8490 | Q35: BS 8490 | W35: BS 8490
B36: step: | C36: Downpipe Outlet (4) | K36: step: | L36: Downpipe Outlet (3) | Q36: step: | R36: Downpipe Outlet (3) | W36: step: | X36: Downpipe Outlet (3)
B37: b) | C37: Diamter (m) | D37: 0.11 | K37: b) | L37: Diamter (m) | M37: 0.11 | Q37: b) | R37: Diamter (m) | S37: 0.075 | W37: b) | X37: Diamter (m) | Y37: 0.075
C38: Area (m^2) | D38: =PI()*((D37/2)^2) -> 0.0095033178 | L38: Area (m^2) | M38: =PI()*((M37/2)^2) -> 0.0095033178 | R38: Area (m^2) | S38: =PI()*((S37/2)^2) -> 0.0044178647 | X38: Area (m^2) | Y38: =PI()*((Y37/2)^2) -> 0.0044178647
C39: Q (m^3/s) | D39: =D15*D7/1000 -> 0.02688631 | F39: The Q value considers the total flow of all the outlets which are combined in the collector pipe | L39: Q (m^3/s) | M39: =M15*D7/1000 -> 0.02717473 | R39: Q (m^3/s) | S39: =S15*D7/1000 -> 0.011891 | X39: Q (m^3/s) | Y39: =Y15*D7/1000 -> 0.00976074
C40: V (m/s) | D40: =D39/D38 -> 2.8291498 | L40: V (m/s) | M40: =M39/M38 -> 2.8594992 | R40: V (m/s) | S40: =S39/S38 -> 2.6915718 | X40: V (m/s) | Y40: =Y39/Y38 -> 2.2093796
C41: Z (m) | D41: 2 | L41: Z (m) | M41: 2 | R41: Z (m) | S41: 2 | X41: Z (m) | Y41: 2
B42: c) | C42: h (outlet) (m) | D42: 0 | F42: Pressure head at the outlet is 0 (atmospheric pressure) | K42: c) | L42: h (m) | M42: 0 | Q42: c) | R42: h (m) | S42: 0 | W42: c) | X42: h (m) | Y42: 0
C44: Transfer Gulley Outlet (3) | L44: Transfer Gulley Outlet (3) | R44: Collector Pipe Outlet (2) | X44: Collector Pipe Outlet (2)
C45: Diameter (m) | D45: =D37 -> 0.11 | F45: As the continuity equation says Q must be constant, we can adjust the transfer gulley outlet to prevent insufficient or excessive flow velocity | L45: Diameter (m) | M45: =M37 -> 0.11 | R45: Diameter (m) | S45: =S37 -> 0.075 | X45: Diameter (m) | Y45: =Y37 -> 0.075
C46: Area (m^2) | D46: =PI()*((D45/2)^2) -> 0.0095033178 | L46: Area (m^2) | M46: =PI()*((M45/2)^2) -> 0.0095033178 | R46: Area (m^2) | S46: =PI()*((S45/2)^2) -> 0.0044178647 | X46: Area (m^2) | Y46: =PI()*((Y45/2)^2) -> 0.0044178647
C47: Q (m^3/s) | D47: =D39 -> 0.02688631 | L47: Q (m^3/s) | M47: =M39 -> 0.02717473 | R47: Q (m^3/s) | S47: =S39 -> 0.011891 | X47: Q (m^3/s) | Y47: =Y39 -> 0.00976074
C48: V (m/s) | D48: =D47/D46 -> 2.8291498 | L48: V (m/s) | M48: =M47/M46 -> 2.8594992 | R48: V (m/s) | S48: =S47/S46 -> 2.6915718 | X48: V (m/s) | Y48: =Y47/Y46 -> 2.2093796
C49: z (m) | D49: 11.5 | L49: z (m) | M49: 8 | R49: z (m) | S49: 10 | X49: z (m) | Y49: 10
B51: d) | C51: Δz (3-2) (m) | D51: =D49-D41 -> 9.5 | K51: d) | L51: Δz (3-2) (m) | M51: =M49-M41 -> 6 | Q51: d) | R51: Δz (3-2) (m) | S51: =S49-S41 -> 8 | W51: d) | X51: Δz (3-2) (m) | Y51: =Y49-Y41 -> 8
C53: k(s) (m) | D53: 0.00015 | F53: 0.15mm is used for HDPE as the pipe roughness as specified in BS 8490 | L53: k(s) (m) | M53: 0.00015 | R53: k(s) (m) | S53: 0.00015 | X53: k(s) (m) | Y53: 0.00015
C54: Re | D54: =D40*D37/(1*(10^(-6))) -> 311206.48 | L54: Re | M54: =M40*M37/(1*(10^(-6))) -> 314544.92 | R54: Re | S54: =S40*S37/(1*(10^(-6))) -> 201867.89 | X54: Re | Y54: =Y40*Y37/(1*(10^(-6))) -> 165703.47
C55: λ | D55: =1/((-2*LOG10(((D53/D37)/3.7)) + (((5.1286/(D54^0.89)))))^2) -> 0.021205901 | L55: λ | M55: =1/((-2*LOG10(((M53/M37)/3.7)) + (((5.1286/(M54^0.89)))))^2) -> 0.021205905 | R55: λ | S55: =1/((-2*LOG10(((S53/S37)/3.7)) + (((5.1286/(S54^0.89)))))^2) -> 0.023419798 | X55: λ | Y55: =1/((-2*LOG10(((Y53/Y37)/3.7)) + (((5.1286/(Y54^0.89)))))^2) -> 0.023419664
C56: L | D56: 9.5 | L56: L | M56: 9.5 | R56: L | S56: 9.5 | X56: L | Y56: 9.5
C57: h(f) (m) | D57: =D55*(D56/D37)*((D40^2)/(2*9.81)) -> 0.74713752 | L57: h(f) (m) | M57: =M55*(M56/M37)*((M40^2)/(2*9.81)) -> 0.76325331 | R57: h(f) (m) | S57: =S55*(S56/S37)*((S40^2)/(2*9.81)) -> 1.0953639 | X57: h(f) (m) | Y57: =Y55*(Y56/Y37)*((Y40^2)/(2*9.81)) -> 0.7380481
C60: Junctions: | D60: Kl | E60: Number | L60: Junctions: | M60: Kl | N60: Number | R60: Junctions: | S60: Kl | T60: Number | X60: Junctions: | Y60: Kl | Z60: Number
C61: Long radii 90 degree | D61: 0.45 | E61: 0 | L61: Long radii 90 degree | M61: 0.45 | N61: 0 | R61: Long radii 90 degree | S61: 0.45 | T61: 0 | X61: Long radii 90 degree | Y61: 0.45 | Z61: 0
C62: Siphonic outlet | D62: 1.5 | E62: 1 | L62: Siphonic outlet | M62: 1.5 | N62: 1 | R62: Siphonic outlet | S62: 1.5 | T62: 0 | X62: Siphonic outlet | Y62: 1.5 | Z62: 0
C63: Siphon break | D63: 1.5 | E63: 1 | L63: Siphon break | M63: 1.5 | N63: 1 | R63: Siphon break | S63: 1.5 | T63: 1 | X63: Siphon break | Y63: 1.5 | Z63: 1
C65: K(l) (total) | D65: =(D61*E61)+(D62*E62)+(D63*E63) -> 3 | L65: K(l) (total) | M65: =(M61*N61)+(M62*N62)+(M63*N63) -> 3 | R65: K(l) (total) | S65: =(S61*T61)+(S62*T62)+(S63*T63) -> 1.5 | X65: K(l) (total) | Y65: =(Y61*Z61)+(Y62*Z62)+(Y63*Z63) -> 1.5
C66: h(l) (m) | D66: =D65*((D40^2)/(2*9.81)) -> 1.2238668 | L66: h(l) (m) | M66: =M65*((M40^2)/(2*9.81)) -> 1.2502654 | R66: h(l) (m) | S66: =S65*((S40^2)/(2*9.81)) -> 0.55386535 | X66: h(l) (m) | Y66: =Y65*((Y40^2)/(2*9.81)) -> 0.37319252
C68: Δh tot. (m) | D68: =SUM(D57+D66) -> 1.9710043 | L68: Δh tot. (m) | M68: =SUM(M57+M66) -> 2.0135187 | R68: Δh tot. (m) | S68: =SUM(S57+S66) -> 1.6492292 | X68: Δh tot. (m) | Y68: =SUM(Y57+Y66) -> 1.1112406
B70: e) | C70: h3 (m) | D70: =D68-D51+(D42+((D40^2)/(2*9.81)))-((D48^2)/(2*9.81)) -> -7.5289957 | F70: The pressure head at any point in the system must be less than -8.8m as specified | K70: e) | L70: h3 (m) | M70: =M68-M51+(M42+((M40^2)/(2*9.81)))-((M48^2)/(2*9.81)) -> -3.9864813 | O70: >-8.8m (as per BS 8940) | Q70: e) | R70: h3 (m) | S70: =S68-S51+(S42+((S40^2)/(2*9.81)))-((S48^2)/(2*9.81)) -> -6.3507708 | U70: >-8.8m (as per BS 8940) | W70: e) | X70: h3 (m) | Y70: =Y68-Y51+(Y42+((Y40^2)/(2*9.81)))-((Y48^2)/(2*9.81)) -> -6.8887594 | AA70: >-8.8m (as per BS 8940)
C73: Collector Pipe -> Transfer Gulley | L73: Collector Pipe -> Transfer Gulley | R73: Siphonic Gutter Outlet -> Collector Pipe | X73: Siphonic Gutter Outlet -> Collector Pipe
B75: f) | C75: Transfer Gulley (3) | F75: The design process then repeats from the higher elevation point from the previous equation | K75: f) | L75: Transfer Gulley Centreline (3) | Q75: f2) | R75: Tailpipe Outlet (2) | W75: f2) | X75: Tailpipe Outlet (2)
B76: b2) | C76: Diameter (m) | D76: 0.11 | K76: b2) | L76: Diameter (m) | M76: 0.11 | Q76: b3) | R76: Diameter (m) | S76: 0.075 | W76: b3) | X76: Diameter (m) | Y76: 0.075
C77: Area (m^2) | D77: =PI()*((D76/2)^2) -> 0.0095033178 | L77: Area (m^2) | M77: =PI()*((M76/2)^2) -> 0.0095033178 | R77: Area (m^2) | S77: =PI()*((S76/2)^2) -> 0.0044178647 | X77: Area (m^2) | Y77: =PI()*((Y76/2)^2) -> 0.0044178647
C78: Q (m^3/s) | D78: =D15*D7/1000 -> 0.02688631 | L78: Q (m^3/s) | M78: =M47 -> 0.02717473 | R78: Q (m^3/s) | S78: =S30 -> 0.0059455 | X78: Q (m^3/s) | Y78: =Y30 -> 0.00488037
C79: V (m/s) | D79: =D78/D77 -> 2.8291498 | L79: V (m/s) | M79: =M78/M77 -> 2.8594992 | R79: V (m/s) (post tailpipe confluence) | S79: =S78/S77 -> 1.3457859 | T79: (>1m/s) | X79: V (m/s) (post tailpipe confluence) | Y79: =Y78/Y77 -> 1.1046898 | Z79: (>1m/s)
C80: z (m) | D80: 11.75 | L80: z (m) | M80: 7.75 | R80: z (m) | S80: 14 | X80: z (m) | Y80: 14
B81: c2) | C81: h | D81: 0 | F81: The pressure is returned to 0 (atmospheric pressure) as the transfer gulley is vented. This prevents excessive negative pressures which breach the limits of BS 8490 to ensure safe and reliable operation | K81: c2) | L81: h | M81: 0 | Q81: c3) | R81: h | S81: =S70 -> -6.3507708 | W81: c3) | X81: h | Y81: =Y70 -> -6.8887594
C83: Collector Pipe (2) | L83: Collector Pipe (2) | R83: Siphonic Outlet (1) | X83: Siphonic Outlet (1)
C84: Diameter (m) | D84: 0.11 | L84: Diameter (m) | M84: 0.11 | R84: Diameter (m) | S84: 0.075 | X84: Diameter (m) | Y84: 0.075
C85: Area (m^2) | D85: =PI()*((D84/2)^2) -> 0.0095033178 | L85: Area (m^2) | M85: =PI()*((M84/2)^2) -> 0.0095033178 | R85: Area (m^2) | S85: =PI()*((S84/2)^2) -> 0.0044178647 | X85: Area (m^2) | Y85: =PI()*((Y84/2)^2) -> 0.0044178647
C86: Q (m^3/s) | D86: =D7*D15/1000 -> 0.02688631 | L86: Q (m^3/s) | M86: =D7*M15/1000 -> 0.02717473 | R86: Q (m^3/s) | S86: =S30 -> 0.0059455 | X86: Q (m^3/s) | Y86: =Y30 -> 0.00488037
C87: V (m/s) | D87: =D86/D85 -> 2.8291498 | L87: V (m/s) | M87: =M86/M85 -> 2.8594992 | R87: V (m/s) | S87: 0 | X87: V (m/s) | Y87: 0
C88: z (m) | D88: 18 | L88: z (m) | M88: 18 | R88: z (m) | S88: 16 | X88: z (m) | Y88: 16
B90: d2) | C90: Δz (3-2) (m) | D90: =D88-D80 -> 6.25 | K90: d2) | L90: Δz (3-2) (m) | M90: =M88-M80 -> 10.25 | Q90: d3) | R90: Δz (m) | S90: =S88-S80 -> 2 | W90: d3) | X90: Δz (m) | Y90: =Y88-Y80 -> 2
C92: k(s) (m) | D92: 0.00015 | L92: k(s) (m) | M92: 0.00015 | R92: k(s) (m) | S92: 0.00015 | X92: k(s) (m) | Y92: 0.00015
C93: Re | D93: =D79*D76/(1*(10^(-6))) -> 311206.48 | L93: Re | M93: =M79*M76/(1*(10^(-6))) -> 314544.92 | R93: Re | S93: =S79*S76/(1*(10^(-6))) -> 100933.94 | X93: Re | Y93: =Y79*Y76/(1*(10^(-6))) -> 82851.734
C94: λ | D94: =1/((-2*LOG10(((D92/D76)/3.7)) + (((5.1286/(D93^0.89)))))^2) -> 0.021205901 | L94: λ | M94: =1/((-2*LOG10(((M92/M76)/3.7)) + (((5.1286/(M93^0.89)))))^2) -> 0.021205905 | R94: λ | S94: =1/((-2*LOG10(((S92/S76)/3.7)) + (((5.1286/(S93^0.89)))))^2) -> 0.023419202 | X94: λ | Y94: =1/((-2*LOG10(((Y92/Y76)/3.7)) + (((5.1286/(Y93^0.89)))))^2) -> 0.023418954
C95: L (m) | D95: 3.5 | L95: L (m) | M95: 3.5 | R95: L | S95: 3.5 | X95: L | Y95: 3.5
C96: h(f) (m) | D96: =D94*(D95/D76)*((D79^2)/(2*9.81)) -> 0.27526119 | L96: h(f) (m) | M96: =M94*(M95/M76)*((M79^2)/(2*9.81)) -> 0.28119859 | R96: h(f) (m) | S96: =S94*(S95/S76)*((S79^2)/(2*9.81)) -> 0.10088621 | X96: h(f) (m) | Y96: =Y94*(Y95/Y76)*((Y79^2)/(2*9.81)) -> 0.067976053
C98: Junctions: | D98: Kl | E98: Number | L98: Junctions: | M98: Kl | N98: Number | R98: Junctions: | S98: Kl | T98: Number | X98: Junctions: | Y98: Kl | Z98: Number
C99: Long radii 90 degree | D99: 0.45 | E99: 2 | L99: Long radii 90 degree | M99: 0.45 | N99: 2 | R99: Long radii 90 degree | S99: 0.45 | T99: 2 | X99: Long radii 90 degree | Y99: 0.45 | Z99: 2
C100: Siphonic outlet | D100: 1.5 | E100: 0 | L100: Siphonic outlet | M100: 1.5 | N100: 0 | R100: Siphonic outlet | S100: 1.5 | T100: 1 | X100: Siphonic outlet | Y100: 1.5 | Z100: 1
C101: Siphon break | D101: 1.5 | E101: 1 | L101: Siphon break | M101: 1.5 | N101: 1 | R101: Siphon break | S101: 1.5 | T101: 0 | X101: Siphon break | Y101: 1.5 | Z101: 0
C103: K(l) (total) | D103: =(D99*E99)+(D100*E100)+(D101*E101) -> 2.4 | L103: K(l) (total) | M103: =(M99*N99)+(M100*N100)+(M101*N101) -> 2.4 | R103: K(l) (total) | S103: =(S99*T99)+(S100*T100)+(S101*T101) -> 2.4 | X103: K(l) (total) | Y103: =(Y99*Z99)+(Y100*Z100)+(Y101*Z101) -> 2.4
C104: h(l) (m) | D104: =D103*((D79^2)/(2*9.81)) -> 0.97909344 | L104: h(l) (m) | M104: =M103*((M79^2)/(2*9.81)) -> 1.0002123 | R104: h(l) (m) | S104: =S103*((S79^2)/(2*9.81)) -> 0.22154614 | X104: h(l) (m) | Y104: =Y103*((Y79^2)/(2*9.81)) -> 0.14927701
C106: Δh tot. (m) | D106: =SUM(D95+D104) -> 4.4790934 | L106: Δh tot. (m) | M106: =SUM(M95+M104) -> 4.5002123 | R106: Δh tot. | S106: =SUM(S96+S104) -> 0.32243235 | X106: Δh tot. | Y106: =SUM(Y96+Y104) -> 0.21725306
B108: e2) | C108: h2 (m) | D108: =D106-D90+(D81+((D79^2)/(2*9.81)))-((D87^2)/(2*9.81)) -> -1.7709066 | F108: Pressure head remains more negative than 0m (ensuring additional capacity) but does not exceed the limit of -8.8m (preventing cavitation) | K108: e2) | L108: h2 (m) | M108: =M106-M90+(M81+((M79^2)/(2*9.81)))-((M87^2)/(2*9.81)) -> -5.7497877 | O108: >-8.8m (as per BS 8940) | R108: Δz - Δh | S108: =S90-S106 -> 1.6775676 | X108: Δz - Δh | Y108: =Y90-Y106 -> 1.7827469
S109: Elevation head exceeds losses considerably so rapid priming of system is ensured | Y109: Elevation head exceeds losses considerably so rapid priming of system is ensured
C113: Siphonic Gutter Outlet -> Collector Pipe | L113: Siphonic Gutter Outlet -> Collector Pipe
B115: f2) | C115: Tailpipe Outlet | K115: f2) | L115: Tailpipe Outlet
B116: b3) | C116: Diameter (m) | D116: 0.075 | K116: b3) | L116: Diameter (m) | M116: 0.075
C117: Area (m^2) | D117: =PI()*((D116/2)^2) -> 0.0044178647 | L117: Area (m^2) | M117: =PI()*((M116/2)^2) -> 0.0044178647
C118: Q (m^3/s) | D118: =D30 -> 0.0089621033 | L118: Q (m^3/s) | M118: =M30 -> 0.0090582433
C119: V (m/s) | D119: =D118/D117 -> 2.0286052 | E119: (>1m/s) | L119: V (m/s) | M119: =M118/M117 -> 2.0503669 | N119: (>1m/s)
C120: z (m) | D120: 18 | L120: z (m) | M120: 14
B121: c3) | C121: h | D121: =D108 -> -1.7709066 | K121: c3) | L121: h | M121: =M108 -> -5.7497877
C123: Siphonic Outlet (1) | L123: Siphonic Outlet (1)
C124: Diameter (m) | D124: 0.075 | L124: Diameter (m) | M124: 0.075
C125: Area (m^2) | D125: =PI()*((D124/2)^2) -> 0.0044178647 | L125: Area (m^2) | M125: =PI()*((M124/2)^2) -> 0.0044178647
C126: Q (m^3/s) | D126: =D30 -> 0.0089621033 | L126: Q (m^3/s) | M126: =M30 -> 0.0090582433
C127: V (m/s) | D127: 0 | F127: A value of 0m/s is specified in BS 8490 as the flow into the gutter outlet is very small | L127: V (m/s) | M127: 0
C128: z (m) | D128: 20 | L128: z (m) | M128: 16
B130: d3) | C130: Δz (m) | D130: =D128-D120 -> 2 | K130: d3) | L130: Δz (m) | M130: =M128-M120 -> 2
C132: k(s) (m) | D132: 0.00015 | L132: k(s) (m) | M132: 0.00015
C133: Re | D133: =D119*D116/(1*(10^(-6))) -> 152145.39 | L133: Re | M133: =M119*M116/(1*(10^(-6))) -> 153777.51
C134: λ | D134: =1/((-2*LOG10(((D132/D116)/3.7)) + (((5.1286/(D133^0.89)))))^2) -> 0.023419598 | L134: λ | M134: =1/((-2*LOG10(((M132/M116)/3.7)) + (((5.1286/(M133^0.89)))))^2) -> 0.023419606
C135: L | D135: 3.5 | L135: L | M135: 3.5
C136: h(f) (m) | D136: =D134*(D135/D116)*((D119^2)/(2*9.81)) -> 0.22923572 | L136: h(f) (m) | M136: =M134*(M135/M116)*((M119^2)/(2*9.81)) -> 0.23418039
C138: Junctions: | D138: Kl | E138: Number | L138: Junctions: | M138: Kl | N138: Number
C139: Long radii 90 degree | D139: 0.45 | E139: 2 | L139: Long radii 90 degree | M139: 0.45 | N139: 2
...

Sheet System Summary Statistics
C3: Roof section | D3: Single/Dual Siphon System | E3: Tailpipe Outlet V (m/s) | F3: Tail/Collector Pipe Pressure Head (m) | G3: Primary downpipe V (m/s) (1) | H3: Transfer Gulley Pressure Head (m) | I3: Secondary Downpipe V (m/s) (2)
C4: 1 | D4: Dual | E4: ='BS 8490 Calculations'!D119 -> 2.0286052 | F4: ='BS 8490 Calculations'!D108 -> -1.7709066 | G4: ='BS 8490 Calculations'!D87 -> 2.8291498 | H4: ='BS 8490 Calculations'!D108 -> -1.7709066 | I4: ='BS 8490 Calculations'!D48 -> 2.8291498 | L4: S
C5: 2 | D5: Dual | E5: ='BS 8490 Calculations'!M119 -> 2.0503669 | F5: ='BS 8490 Calculations'!M108 -> -5.7497877 | G5: ='BS 8490 Calculations'!M87 -> 2.8594992 | H5: ='BS 8490 Calculations'!M108 -> -5.7497877 | I5: ='BS 8490 Calculations'!M40 -> 2.8594992
C6: 3 | D6: Single | E6: ='BS 8490 Calculations'!S79 -> 1.3457859 | F6: ='BS 8490 Calculations'!S70 -> -6.3507708 | G6: ='BS 8490 Calculations'!S48 -> 2.6915718 | H6: n/a | I6: n/a
C7: 4 | D7: Single | E7: ='BS 8490 Calculations'!Y79 -> 1.1046898 | F7: ='BS 8490 Calculations'!Y70 -> -6.8887594 | G7: ='BS 8490 Calculations'!Y40 -> 2.2093796 | H7: n/a | I7: n/a
D8: BS 8490 Limit: | E8: >1m/s | F8: >-8.8m | G8: >2.2m/s | H8: >-8.8m | I8: >2.2m/s
M24: SS
